2018,10,Ковалев Иван Иванович,2014-02-18,2
2024,5,Ковалев Иван Иванович,2016-04-18,3
2022,9,Ковалев Иван Иванович,2007-02-10,3
2020,10,Ковалев Иван Иванович,2012-12-17,4
2022,7,Ковалев Иван Иванович,2008-10-10,2
2023,5,Ковалев Иван Иванович,2010-06-05,3
2021,3,Ковалев Иван Иванович,2009-10-29,4
2024,7,Ковалев Иван Иванович,2014-11-23,1
2022,4,Ковалев Иван Иванович,2008-11-09,4
2020,7,Ковалев Иван Иванович,2006-03-09,2
2020,9,Ковалев Иван Иванович,2011-01-26,2
2023,2,Ковалев Иван Иванович,2013-05-12,4
2023,8,Ковалев Иван Иванович,2012-09-09,1
2024,9,Ковалев Иван Иванович,2013-04-20,4
2019,4,Ковалев Иван Иванович,2008-08-24,2
2023,9,Ковалев Иван Иванович,2007-11-06,4
